Accession,3-hydroxypropyl,3-methylsulfinylpropyl,Unknown Alkenyl,(S)2-hydroxy-but-3-enyl,(R)2-hydroxy-but-3-enyl,4-methylsulfinylbutyl,Allyl,5-methylsulfinylpentyl,But-3-enyl,3-methylthiopropyl,7-methylsulfinylheptyl,Pent-4-enyl ,4-methylthiobutyl ,8-methylsulfinyloctyl ,Indol-3-ylmethyl ,4-methoxy-indol-3-ylmethyl ,N-methoxy-indol-3-ylmethyl ,7-methylthioheptyl ,8-methylthiooctyl ,Total C3 Aliphatic ,Total C4 Aliphatic,Total C5 Aliphatic,Total C7 Aliphatic,Total C8 Aliphatic,Total C3 and C4 Aliphatic,Total C7 and C8 Aliphatic ,Total Alkenyl Aliphatic,Total Methylsulfinyl Aliphatic,Total Hydroxyalkyl Aliphatic,Total Hydroxyalkenyl Aliphatic ,Ratio of C3 to SC Aliphatic,Ratio of C7 to LC Aliphatic,Ratio of C3 methylthio to total C3,Ratio of C4 methylthio to total C4,Ratio of C7 methylthio to total C7,Ratio of C8 methylthio to total C8,Total Indolic Glucosinolate,Total Indolic Glucosinolate with 4 hydroxylation,Ratio of TOH4 to TIND,Ratio of NMOI3M to TIND,4-hydroxybutyl (2007),5-methylthiopentyl (2007),4-hydroxy-indol-3-ylmethyl (2008)
Ag-0,0.055541647,0.041489934,0.19150674,1.849090252,6.052038941,0,1.428426018,0,4.325792444,0,0.075914315,0.597616503,0,0.854403242,1.32707279,0.215101839,0.053242257,0.1251094,0.6140157,1.525457599,12.22692164,0.028928421,0.201023716,1.468418942,13.75237924,1.669442658,13.8468544,0.971807491,0.055541647,7.901129194,0.112106053,0.127564339,0,0,0.633777809,0.418473464,1.595416886,0.215101839,0.143360701,0.167465538,0,0.057856841,0
An-1,0.058452536,0,0.039380821,1.570741588,5.157423684,0,1.364194024,0,1.237902517,0,0.243157646,0.01584814,0.013077409,1.509285873,1.21479119,0.244238746,0.021388058,0.151228321,0.42202936,1.42264656,7.979145198,0,0.394385968,1.931315233,9.401791758,2.325701201,9.369642634,1.752443519,0.058452536,6.728165272,0.151717535,0.184455974,0,0.421052805,0.384730572,0.212350245,1.480417994,0.244238746,0.165211676,0.200705628,0,0,0
Bay-0,5.908360085,0.08698731,0,0,0,0,0.032356885,0.029607597,0,0.043585166,0.040933205,0,0.015529417,1.359272375,0.448300532,0.395609197,0.037343292,0.075647367,0.549487427,6.071289445,0.015529417,0.029607597,0.116580572,1.908759803,6.086818862,2.025340375,0.032356885,1.516800488,5.908360085,0,0.997538411,0.059573297,0.006942926,0.342289813,0.589235634,0.284769702,0.889646281,0.404002456,0.453696355,0.283740718,0,0,0.016786519
Bil-5,0,0,0,0,0,0,11.33200687,0,0.041556509,0.075807871,0.021225265,0,0,1.36579243,0.758448718,0.619431946,0.025701119,0.058949308,0.837973902,11.40781474,0.041556509,0.066005316,0.080174573,2.203766331,11.44937125,2.283940904,11.37356337,1.387017695,0,0,0.996056216,0.032472582,0.007236595,0,0.832052658,0.381025782,1.415113363,0.630963526,0.451769165,0.210932229,0,0.132010632,0.023063161
Bil-7,0,0,0,0,0,0,11.63594258,0,0.01859888,0.033853363,0.044190162,0,0,1.523289083,0.701199034,0.552778534,0.026033344,0.060323617,0.795896133,11.66979595,0.01859888,0.078230881,0.104513779,2.319185216,11.68839483,2.423698995,11.65454146,1.567479246,0,0,0.998540618,0.043982093,0.00318397,0,0.571263719,0.341521886,1.296917165,0.569684788,0.437262515,0.244336095,0,0.156461763,0.033812506
Bor-1,7.483805756,0.065450189,0,0,0,0,0,0,0.064460333,0,0,0,0,0.731257858,0.626219531,0.257914548,0.030677826,0.01069714,0.519979494,7.549255946,0.064460333,0.080900227,0.01069714,1.251237351,7.613716279,1.261934491,0.064460333,0.796708047,7.483805756,0,0.992122756,0.009065634,0,0,1,0.415769302,0.914811906,0.257914548,0.291049471,0.300139437,0,0.161800453,0
Bor-4,6.157102161,0,0,0,0,0,0,0,0,0,0,0,0,0.840433753,0.801642251,0.23658582,0.005899736,0,0.439800736,6.157102161,0,0.042328116,0,1.280234489,6.157102161,1.280234489,0,0.840433753,6.157102161,0,1,0,0,0,0,0.366457807,1.044127807,0.23658582,0.226490191,0.157399093,0,0.084656231,0
Br-0,0.047272764,0.020936321,0.059555011,1.386010862,4.491586356,0,0.802964953,0.022969547,3.942129805,0,0.080940836,0.060725199,0,1.159290068,1.445788644,0.228676158,0.00843587,0.110526201,0.534965805,0.871174038,9.819727024,0.079952824,0.191467037,1.694255873,10.69090106,1.88572291,10.68224699,1.284136772,0.047272764,5.877597219,0.082131295,0.11408346,0,0,0.576024624,0.317970162,1.682900672,0.228676158,0.132831366,0.098724187,0,0.113966554,0
Bur-0,0,0,0,0.882424631,2.812811801,0,5.176882988,0,9.08965714,0,0.273227109,0.179742963,0,2.404249848,1.023635786,0.235035141,0.035715608,0.122572896,0.480766275,5.176882988,12.78489357,0.020390644,0.395800005,2.885016123,17.96177656,3.280816128,17.96177656,2.677476957,0,3.695236432,0.288156559,0.128192056,0,0,0.310041462,0.165385757,1.294386536,0.235035141,0.181459391,0.17041466,0,0.040781287,0
C24,0.153678607,0.200297651,0.016393644,0.024440227,0.131956109,0,0.876175421,0,8.911261128,0.800816815,0.389745498,0.407374467,0,3.417772925,0.422676948,0.369410091,0.028222949,0.400815747,1.311499679,2.030968494,9.067657464,0,0.790561245,4.729272603,11.09862596,5.519833848,9.96022653,4.007816073,0.153678607,0.156396337,0.182396011,0.155087101,0.391575131,0,0.504956468,0.276390103,0.857955582,0.407055685,0.477539493,0.220975475,0,0,0.075291188
CIBC-17,0.010194791,0,0,0,0,0,9.624326782,0.028518152,0,0,0.011589544,0,0,1.440891671,1.273884603,0.179866939,0.045986872,0.046898938,0.508824451,9.634521573,0,0.028518152,0.058488482,1.949716122,9.634521573,2.008204604,9.624326782,1.480999367,0.010194791,0,1,0.024882057,0,0,0.400924562,0.253498706,1.499738414,0.179866939,0.119867222,0.252586837,0,0,0
CIBC-5,0.005606409,0,0.16837909,1.707722067,5.574332062,0,0.292629221,0.049738233,2.515166994,0,0.333698443,0.091425075,0,1.632659319,1.316806161,0.253438798,0.022587418,0.163142004,0.338698567,0.29823563,9.797221123,0.079634679,0.496840447,1.971357886,10.09545675,2.468198333,10.25822943,2.016095995,0.005606409,7.282054129,0.029786418,0.222669316,0,0,0.32294536,0.174092133,1.592832377,0.253438798,0.154681416,0.143012419,0,0.059792892,0
Col-0,0.058122977,0.390493278,0.007956247,0,0,2.124459526,0,0.06377927,0.027250934,0.032854607,0.031506321,0.019360574,0.431927313,0.356911023,0.826814301,0.244453957,0.016415214,0,0.106599217,0.481470862,2.618670205,0.06377927,0.031506321,0.46351024,3.100141066,0.495016561,0.035207181,2.967149417,0.093155408,0,0.153654209,0.041893067,0.049056508,3.039182883,0,0.225260244,1.087683472,0.244453957,0.224755509,0.1617015,0.070064863,0,0
CS22491,0.063761022,0,0,0,0.049982074,0.014420997,8.115365677,0,0,0.009473919,0,0,0,0.336731706,0.285449677,0.081839037,0.01769606,0.014053273,0.176639074,8.188600618,0.064403071,0,0.014053273,0.513370779,8.253003689,0.527424052,8.165347751,0.351152703,0.063761022,0.049982074,0.993093155,0.019432434,0.001030253,0,0.5,0.32070161,0.384984775,0.081839037,0.217543804,0.297050072,0,0,0
Ct-1,6.727775874,0.069942127,0,0,0,0,0.070256843,0.077997331,0,0,0,0,0,0.616914634,1.090658857,0.101368503,0.030174981,0,0.347933447,6.867974843,0,0.077997331,0,0.964848081,6.867974843,0.964848081,0.070256843,0.764854092,6.727775874,0,1,0,0,0,0,0.405085669,1.222202341,0.101368503,0.084327947,0.318441633,0,0,0
Cvi-0,0.123540741,0,0.020608739,0,0,0,3.543492948,0,7.514316803,0,0.013246899,0.024826562,0,0.464962866,0.244608664,0.093472878,0,0.037012359,0.280605708,3.667033689,7.514316803,0,0.050259258,0.745568574,11.18135049,0.795827832,11.07841849,0.478209764,0.123540741,0,0.327959819,0.067410644,0,0,0.736428682,0.376364721,0.338081542,0.093472878,0.276480275,0,0,0,NA
Eden-1,0,0,0,0,0,0,7.513488563,0,0.045541955,0,0,0,0,0.876515588,0.672434698,0.347235059,0.016583341,0.029968044,0.676596746,7.513488563,0.045541955,0.034120387,0.029968044,1.553112334,7.559030518,1.583080377,7.559030518,0.876515588,0,0,0.995629801,0.021598279,0,0,1,0.435187806,1.036253098,0.347235059,0.339452229,0.165234284,0,0.068240774,0
Eden-2,0,0.023629843,0,0,0,0,8.346382668,0,0.079149987,0.007258061,0.098778944,0,0,1.170320522,0.710226641,0.335782106,0.025264794,0.020953207,0.620030399,8.377270572,0.079149987,0.041425859,0.119732151,1.790350922,8.456420559,1.910083072,8.425532655,1.292729309,0,0,0.990363142,0.064891955,0.000779135,0,0.304144246,0.346253934,1.075369284,0.339877849,0.319271261,0.169425995,0,0.082851718,0.008191486
Edi-0,0,0.093178979,0,0,0,0,11.50559492,0,0,0.240290187,0,0,0,1.424772768,1.054068042,0.121442413,0.018098568,0.011511903,0.557611198,11.83906408,0,0,0.011511903,1.982383966,11.83906408,1.993895868,11.50559492,1.517951748,0,0,1,0.005512549,0.020470488,0,0.5,0.280884845,1.201401784,0.129235174,0.108561451,0.113921957,0,0,0.015585523
Ei-2,0.020128075,0.064708264,0,0.014512506,0.010874115,0,8.877347777,0,0.012241428,0.02379193,0.012026515,0,0,1.548257581,0.779617006,0.258258517,0.012532677,0.011216036,0.799928355,8.985976047,0.037628049,0.010586827,0.023242551,2.348185936,9.023604096,2.371428487,8.914975826,1.624992361,0.020128075,0.025386621,0.996134577,0.008432127,0.00246312,0,0.24128238,0.342098739,1.050408199,0.258258517,0.237786815,0.214629286,0,0.021173654,0
Est-1,0.091497717,0.06770133,0,0,0,1.064242886,0,0.036340669,0,0.003201077,0,0,0.526584706,0.775024982,1.008294306,0.268737542,0.005185114,0.00842155,0.131574236,0.162400124,1.590827593,0.036340669,0.00842155,0.906599218,1.753227717,0.915020768,0,1.943309867,0.091497717,0,0.080836072,0.009900107,0.009855526,1.209392502,0.5,0.146288224,1.282216962,0.268737542,0.194285039,0.125082923,0,0,0
Fab-2,0.005119484,0.115750569,0,0,0,0,13.58322513,0,0.233107536,0.203907057,0.054845056,0,0,1.947503703,0.259509002,0.298673257,0.012053932,0.02012978,0.538745645,13.90800224,0.233107536,0.022919526,0.074974836,2.486249348,14.14110977,2.561224184,13.81633266,2.118099328,0.005119484,0,0.983666601,0.031206135,0.01197899,0,0.286108718,0.20758706,0.583313282,0.311750348,0.530382511,0.281923001,0,0.045839052,0.026154183
Fab-4,0,0.039658964,0,0,0,0,9.578849666,0,0.122904052,0,0,0,0,0.916018001,0.42586216,0.214131383,0.01600576,0.221299178,0.682594981,9.61850863,0.122904052,0.028402549,0.221299178,1.598612981,9.741412681,1.81991216,9.701753718,0.955676964,0,0,0.988938512,0.102987319,0,0,1,0.442722694,0.655999303,0.214131383,0.326755943,0.199901423,0,0.056805097,0
Fei-0,0,0,0.06110246,1.392775558,4.595655738,0,1.257376603,0,1.829423339,0,0.221847247,0.034248393,0,2.297704099,0.868762192,0.401732743,0.006453579,0.130009667,0.392905384,1.257376603,7.817854634,0,0.351856913,2.690609483,9.075231238,3.042466396,9.136333697,2.519551346,0,5.988431295,0.138013185,0.120600664,0,0,0.366411247,0.146094073,1.276948513,0.401732743,0.310352041,0.173712845,0,0,0
Ga-0,0.13862396,0.056108475,0,0.131085537,0.435710279,0,10.07163002,0.158632555,2.249802173,0,0.026892482,0.050379943,0,1.079553529,1.099216361,0.192387729,0.043049312,0.028979371,0.620091307,10.26636245,2.816597989,0.158632555,0.055871852,1.699644836,13.08296044,1.755516688,12.88822801,1.321187041,0.13862396,0.566795817,0.797879537,0.041188893,0,0,0.740416159,0.36582977,1.334653402,0.192387729,0.145441978,0.28965173,0,0,0
Got-22,0,0,0,0,0,0,8.610895774,0,0.026420583,0,0,0,0,0.759638184,0.904252808,0.146069952,0.012205424,0.009817127,0.446797663,8.610895774,0.026420583,0,0.009817127,1.206435847,8.637316356,1.216252974,8.637316356,0.759638184,0,0,0.997475836,0.008717856,0,0,0.5,0.36702594,1.062528184,0.146069952,0.140707659,0.089151182,0,0,0
Got-7,0.030695274,0,0,0,0.008778649,0,5.69049063,0,0,0,0,0,0,0.463743086,0.776200413,0.140893752,0.007728665,0,0.369980459,5.721185904,0.008778649,0,0,0.833723545,5.729964552,0.833723545,5.699269278,0.463743086,0.030695274,0.008778649,0.998548853,0,0,0,0,0.436818629,0.92482283,0.140893752,0.153711798,0.10550497,0,0,0
Gu-0,0,0.107394491,0,0,0,0.602984511,0,0,0.017771929,0,0.02904937,0.014791938,0.489947885,1.035335925,0.442205151,0.24934636,0.014475297,0.011712166,0.347657043,0.107394491,1.110704324,0,0.040761535,1.382992969,1.218098815,1.423754504,0.017771929,1.774764297,0,0,0.082450891,0.027961578,0,0.248466836,0.5,0.253288841,0.706026807,0.24934636,0.373724965,0.285773392,0,0,0
Gy-0,0.147501964,0.069675537,0.095898755,1.651948655,5.285169503,0,1.245780137,0.036255585,1.442971376,0.016302357,0.24850872,0.066308588,0,1.677048962,1.063960824,0.263660928,0.008357037,0.376436007,0.432444166,1.479259994,8.380089535,0.036255585,0.624944727,2.109493127,9.859349529,2.734437854,9.721768427,2.031488803,0.147501964,6.937118159,0.155878481,0.296467505,0.011843931,0,0.613397962,0.221272189,1.335978789,0.263660928,0.202221713,0.081384752,0,0,0
HR-10,0,0.043554506,0.122889611,1.588485566,5.147970375,0,1.014712593,0.040267377,2.11472667,0,0.095690663,0.060701097,0,0.938180901,0.741554019,0.275215877,0.012958403,0.106837713,0.394915504,1.058267098,8.851182611,0.079133858,0.202528375,1.333096405,9.909449709,1.53562478,9.988784815,1.117693446,0,6.736455941,0.106724197,0.142331023,0,0,0.533580076,0.298632637,1.029728299,0.275215877,0.268091152,0.154061263,0,0.077732963,0
HR-5,0,0,0.136810663,1.55742932,5.095735356,0,0.214229355,0.07669105,2.886132762,0,0.102059765,0.075527854,0,1.105603536,1.109003669,0.244176691,0.01350172,0.09284454,0.390805826,0.214229355,9.539297437,0.110024515,0.194904306,1.496409362,9.753526792,1.691313667,9.890337456,1.284354351,0,6.653164676,0.021949452,0.124787206,0,0,0.47333657,0.257485832,1.36668208,0.244176691,0.181386671,0.093891258,0,0.066666929,0
Kas-2,0,0.096221494,0,0,0.065009122,0,5.409797262,0,9.924900189,0,0,0,0,0.38139335,0.688600065,0.496215936,0.040576239,0.013759241,0.445250227,5.506018756,9.989909311,0,0.013759241,0.826643577,15.49592807,0.840402818,15.39970657,0.477614844,0,0.065009122,0.384441496,0.031144071,0,0,1,0.620200784,1.22539224,0.496215936,0.405404727,0.253001327,0,0,0
Kin-0,0.015869906,0.096367543,0.105565184,2.277956495,7.643787347,0,0.687052967,0,2.798335984,0,0.260588003,0.379523585,0,1.351280395,1.14556716,0.222438608,0.010565856,0.256673937,0.353586809,0.799290415,12.72007983,0,0.51726194,1.704867204,13.51937024,2.222129143,13.51269798,1.708235941,0.015869906,9.921743842,0.059182928,0.236512242,0,0,0.435289386,0.206880074,1.378571624,0.222438608,0.16392336,0.085816648,0,0,0
Knox-10,0,0.013675289,0,0,0,0,6.12483744,0.058484126,0,0.014961454,0,0,0,0.634011365,0.541416239,0.151886687,0,0.006576932,0.449395385,6.153474184,0,0.058484126,0.006576932,1.08340675,6.153474184,1.089983682,6.12483744,0.70617078,0,0,1,0.010806158,0.001841532,0,0.5,0.44919886,0.694159621,0.152743382,0.216224796,0.144449573,0,0,0.00171339
Knox-18,0,0,0,0,0,0,10.45579043,0.045745539,0,0,0,0,0,0.98600581,0.749606814,0.241853938,0.020458501,0.021700191,0.615742015,10.45579043,0,0.045745539,0.021700191,1.601747825,10.45579043,1.623448016,10.45579043,1.031751349,0,0,1,0.01256945,0,0,1,0.386583825,1.011919253,0.241853938,0.229662623,0.207386886,0,0,0
Kondara,0,0.025653389,0,0,0,0,21.76605123,0,0.257157924,0,0,0,0,1.647747088,1.025954524,0.244377519,0.025485771,0,0.441945851,21.79170462,0.257157924,0,0,2.089692938,22.04886254,2.089692938,22.02320915,1.673400477,0,0,0.988583089,0,0,0,0,0.214746772,1.295817813,0.244377519,0.187729384,0.155901081,0,0,0
Kz-1,0,0.050376159,0,0,0,0,10.15022037,0,0.209364654,0.022164933,0.018408011,0,0,1.371365951,0.400674452,0.190337836,0.017264119,0.060669959,0.6822116,10.22276146,0.209364654,0.029718671,0.07907797,2.053577551,10.43212611,2.132655522,10.35958502,1.440150121,0,0,0.981169548,0.042057584,0.002635827,0,0.835114873,0.33994073,0.608276407,0.190337836,0.31493997,0.202572259,0,0.059437343,0
Kz-9,0.007600461,0.029465123,0,0,0,0,6.028571529,0,0.019958603,0,0,0,0,0.68867313,0.405677567,0.108480606,0.016891784,0,0.31067316,6.065637114,0.019958603,0.023134542,0,0.99934629,6.085595716,0.99934629,6.048530132,0.718138254,0.007600461,0,0.99676388,0,0,0,0,0.311412023,0.531049958,0.108480606,0.205066324,0.173432148,0,0.046269083,0
Ler-1,7.475355229,0.030340056,0,0,0,0.020106535,0,0,0.020385675,0.013164764,0.018308629,0.022789221,0,0.772019814,1.031873598,0.220042682,0.035801047,0,0.36931699,7.518860049,0.088013544,0,0.018308629,1.141336804,7.606873594,1.159645433,0.020385675,0.840775035,7.522876563,0,0.990661248,0.010891256,0.001423445,0,0,0.327182915,1.287717327,0.220042682,0.169734523,0.21826694,0.095042668,0,0
Ll-0,0,0,0,0,0,0.602976392,0,0,0,0.039859126,0.023399795,0,1.487450083,0.769838153,0.559027642,0.194189674,0,0.023086195,0.335483751,0.039859126,2.090426475,0,0.04648599,1.105321904,2.130285601,1.151807894,0,1.396214339,0,0,0.019875765,0.041509221,0.5,6.272447902,0.24831347,0.303995982,0.753217316,0.194189674,0.269166389,0.110134552,0,0,0
Lov-1,0,0.01446213,0,0,0,0,10.66165593,0,0.104589079,0,0.058601106,0,0,1.013368404,0.481879423,0.168127502,0.011698126,0.008197078,0.576261864,10.67611806,0.104589079,0.020257892,0.066798185,1.589630268,10.78070714,1.656428452,10.76624501,1.08643164,0,0,0.990456021,0.035709614,0,0,0.5,0.36271575,0.672092646,0.178515098,0.266516503,0.166621495,0,0.040515783,0.020775192
Lov-5,0,0.063278577,0,0,0,0,12.13599103,0.001432151,0.14966293,0.078877538,0,0,0,1.322953814,0.476814014,0.191839184,0.037618779,0.04139712,0.698382603,12.27814715,0.14966293,0.001432151,0.04139712,2.021336417,12.42781008,2.062733537,12.28565396,1.387664542,0,0,0.988830702,0.020372469,0.005487433,0,1,0.345629769,0.713341648,0.198908855,0.279459068,0.325504567,0,0,0.014139342
Lp2-2,7.166832262,0.374510513,0,0,0,0.062248754,0,0,0,0,0.100540871,0,0,0.961182728,1.410759415,0.139240567,0.013023263,0.010840391,0.246854367,7.541342775,0.062248754,0,0.111381262,1.208037095,7.603591529,1.319418357,0,1.498482866,7.166832262,0,0.989959641,0.081823929,0,0,0.511577068,0.205614544,1.566614812,0.142832134,0.095509877,0.065558411,0,0,0.007183133
Lp2-6,10.50287538,0.294765636,0,0,0,0.072767125,0,0.050557089,0,0.021281963,0,0,0,0.730521054,0.824078063,0.309392054,0.015970539,0,0.324638089,10.81892298,0.072767125,0.068509545,0,1.055159143,10.89169011,1.055159143,0,1.148610904,10.50287538,0,0.991452487,0,0.002543342,0,0,0.309711988,1.149440657,0.309392054,0.265108031,0.164983947,0,0.035904912,0
Lz-0,12.91643107,0.064853449,0,0,0,0,0.094232235,0,0.014834881,0.01256847,0,0,0,0.994694161,1.963879628,0.356560329,0.025935373,0.10805978,0.808383774,13.08808522,0.014834881,0.033940494,0.10805978,1.803077935,13.1029201,1.911137715,0.109067116,1.05954761,12.91643107,0,0.998530934,0.059915215,0.001248296,0,1,0.448726414,2.34637533,0.356560329,0.151448878,0.121356757,0,0.067880988,0
Mr-0,0,0.03832189,0,0,0.079093002,0,14.34428665,0,0.334325776,0,0.009104577,0,0,2.531589124,0.399105672,0.278613184,0.006423163,0.023407879,0.637535892,14.38260854,0.413418778,0,0.032512456,3.169125017,14.79602732,3.201637473,14.75770543,2.579015591,0,0.079093002,0.971396092,0.009489968,0,0,0.838320365,0.202590466,0.684142019,0.278613184,0.408348168,0.211981817,0,0,0
Mrk-0,0.066453539,0,0,0,0,0,13.362752,0.094983358,0.025776472,0,0,0,0,1.923583231,1.497320134,0.144365203,0.002833532,0,0.444112573,13.42920554,0.025776472,0.094983358,0,2.367695804,13.45498201,2.367695804,13.38852847,2.018566588,0.066453539,0,0.998406965,0,0,0,0,0.187888111,1.644518868,0.144365203,0.089569914,0.039329146,0,0,0
Ms-0,0,0,0,0,0,0,9.765147939,0,0.06414185,0,0.01657518,0,0,1.591112853,1.044720499,0.249733127,0.019479687,0.009733371,0.427577916,9.765147939,0.06414185,0,0.026308551,2.018690769,9.82928979,2.044999321,9.82928979,1.607688033,0,0,0.994950644,0.010569684,0,0,0.184984928,0.214370458,1.313933313,0.249733127,0.189653866,0.126225534,0,0,0
Mt-0,0,0.099254188,0,0,0,1.391142172,0,0,0,0.06979755,0.014217059,0,0.372047397,0.857393786,1.046997513,0.346174064,0.017654065,0,0.224541519,0.169051738,1.763189569,0,0.014217059,1.081935304,1.932241307,1.096152363,0,2.362007205,0,0,0.081279591,0.00841761,0.251509975,0.109567436,0,0.20210479,1.427590017,0.362938439,0.24673469,0.187023491,0,0,0.03352875
Mz-0,0.155854748,0.831368405,0,0,0,4.034513202,0,0.273796373,0.003596627,0.158496732,0,0,0.930318504,0.846848698,0.649032759,0.356168722,0.005549699,0.004359329,0.356962598,1.145719885,4.968428333,0.273796373,0.004359329,1.203811296,6.114148219,1.208170625,0.003596627,5.986526678,0.155854748,0,0.181281138,0.002815532,0.099645952,9.69333083,0.5,0.288209462,1.022381306,0.367798849,0.355905656,0.152567103,0,0,0.023260254
Nd-1,9.173168949,0.178342094,0,0,0,0.016309581,0.079853757,0,0.019066168,0,0,0.018005406,0,0.403406359,1.156100206,0.05073804,0.01021548,0.024365259,0.160523697,9.4313648,0.035375749,0,0.024365259,0.563930055,9.466740549,0.588295315,0.098919925,0.598058033,9.173168949,0,0.997122394,0.024393426,0,0,0.5,0.2203942,1.217053726,0.05073804,0.040079322,0.161490563,0,0,0
NFA-10,0,0,0.199288641,2.3079259,7.546025392,0,1.699247843,0.022336818,3.285740029,0,0.248771422,0.384415106,0,1.496708948,0.860911206,0.15958515,0.01420743,0.223147953,0.465061034,1.699247843,13.13969132,0.051443545,0.471919375,1.961769982,14.83893916,2.433689357,15.03822781,1.767817188,0,9.853951292,0.114339723,0.216016122,0,0,0.44030989,0.235016437,1.034703787,0.15958515,0.156775892,0.102781892,0,0.058213454,0
NFA-8,0.004594295,0.071530084,0.099925158,2.18022484,7.069786642,0,1.675450326,0.032895316,4.496985149,0,0.220455329,0.616102902,0,1.655136666,0.984288988,0.279180877,0.016481185,0.117648497,0.369681745,1.751574704,13.74699663,0.067962776,0.338103826,2.024818411,15.49857134,2.362922237,15.52237211,1.980017395,0.004594295,9.250011482,0.11507239,0.167173049,0,0,0.348263858,0.182692969,1.27995105,0.279180877,0.219307771,0.15984094,0,0.070134919,0
Nok-3,0,0,0,0,0,0,4.235978723,0,0,0,0,0,0,0.530465362,0.647259296,0.146489904,0,0,0.410041075,4.235978723,0,0.008150349,0,0.940506437,4.235978723,0.940506437,4.235978723,0.530465362,0,0,1,0,0,0,0,0.438806755,0.7937492,0.146489904,0.185520151,0.100254838,0,0.016300697,0
Omo2-1,0,0.040868649,0,0,0,0,17.91702079,0,0.130759299,0,0.074289247,0,0,0.81779746,1.249987964,0.144090139,0.023794097,0.025407803,0.455946955,17.95788944,0.130759299,0.018288559,0.099697051,1.273744415,18.08864874,1.373441465,18.04778009,0.932955355,0,0,0.993040533,0.073233948,0,0,0.318709268,0.341164624,1.421673939,0.147891878,0.104052365,0.164247815,0,0.036577117,0.007603478
Omo2-3,0,0.018802431,0,0,0,0,6.680761771,0,0,0.053034174,0,0,0,0.73080349,0.869480065,0.163105327,0.005456131,0.009893105,0.31168791,6.752598376,0,0.01323681,0.009893105,1.0424914,6.752598376,1.052384505,6.680761771,0.749605921,0,0,1,0.009337677,0.007971706,0,1,0.301321333,1.038041523,0.163105327,0.153013027,0.122532481,0,0.02647362,0
Oy-0,0,3.977419698,0,0,0,0,0,0,0,0.14928175,0,0,0,0.763992707,0.928457199,0.245793589,0.003126632,0.012826972,0.420849111,4.126701448,0,0.017680564,0.012826972,1.184841819,4.126701448,1.197668791,0,4.741412405,0,0,1,0.010856529,0.038825134,0,0.5,0.355394095,1.17737742,0.245793589,0.209860353,0.113195447,0,0.035361128,0
Pna-10,0,0,0,0,0,0,7.501304354,0,0,0.026871469,0,0,0,0.867112107,0.557627107,0.168876564,0,0.006539862,0.490289282,7.528175824,0,0,0.006539862,1.357401389,7.528175824,1.36394125,7.501304354,0.867112107,0,0,1,0.005764831,0.003084445,0,0.5,0.360501189,0.726503671,0.168876564,0.228920793,0.148270571,0,0,0
Pna-17,0,0,0,0,0,0,7.250224209,0,0,0,0.02561833,0,0,1.195347988,0.763837096,0.178685033,0.009850704,0,0.355253632,7.250224209,0,0,0.02561833,1.550601619,7.250224209,1.576219949,7.250224209,1.220966318,0,0,1,0.00980462,0,0,0,0.300276535,0.952372833,0.178685033,0.190653943,0.155677753,0,0,0
Pro-0,0,0,0,0.507631026,1.712524048,0,2.154289985,0,10.46752885,0,0.094540931,1.223353875,0,0.972149385,0.806594505,0.256494083,0.010106722,0.054283636,0.206624686,2.154289985,12.68768393,0,0.148824567,1.178774072,14.84197391,1.327598639,14.84197391,1.066690317,0,2.220155074,0.144527441,0.113512512,0,0,0.344737959,0.17554358,1.07319531,0.256494083,0.232421498,0.101148063,0,0,0
Pu2-23,0,0,0,0,0,0,10.04802046,0,0.111636469,0.017306108,0.027907112,0,0,1.957306605,1.359638424,0.149731425,0.03332052,0.032961864,0.748724212,10.06532657,0.111636469,0,0.060868976,2.706030816,10.17696304,2.766899792,10.15965693,1.985213717,0,0,0.989650512,0.01901696,0.002769781,0,0.743828453,0.294882501,1.550304621,0.157345678,0.098982852,0.193996932,0,0,0.015228505
Pu2-7,0,0,0,0,0.001047462,0,7.276352195,0,0.017294441,0,0,0,0,0.791292819,1.120393473,0.406836455,0.016483877,0.016522637,0.609129425,7.276352195,0.018341904,0.037200162,0.016522637,1.400422245,7.294694099,1.416944882,7.294694099,0.791292819,0,0.001047462,0.998222392,0.021636134,0,0,1,0.475955593,1.543713806,0.406836455,0.260387685,0.190346744,0,0.074400324,0
Ra-0,8.365686817,0.743250969,0,0,0,0.019018381,0,0,0,0.100550903,0.040161578,0,0,1.033278582,2.112222706,0.326549419,0.029569491,0.003402548,0.364591607,9.209488688,0.019018381,0,0.043564126,1.397870189,9.22850707,1.441434315,0,1.83570951,8.365686817,0,0.997857598,0.024909443,0.011375704,0,0.039052178,0.267300613,2.47834631,0.336554113,0.131141347,0.156961173,0,0,0.020009387
Ren-1,0.003932592,0.029993195,0.067228804,1.400625879,4.938544045,0,0.02800144,0,0.754971971,0,0.06077625,0,0.493479759,1.618850964,0.750685149,0.20258342,0.01279362,0.305872252,0.606604561,0.061927227,7.587621654,0,0.366648502,2.225455526,7.649548882,2.592104028,7.189372139,1.70962041,0.003932592,6.339169924,0.008417097,0.156464583,0,0.061472473,0.759442288,0.270119453,0.966062189,0.20258342,0.22409617,0.113695114,0,0,0
Ren-11,0,0,0.058987381,1.203777387,4.116438509,0.043440263,0,0,0.735518917,0,0.008097824,0,0,0.573306813,0.811699979,0.132539687,0.00204363,0.179301221,0.331128467,0,6.099175076,0.022263548,0.187399045,0.90443528,6.099175076,1.091834325,6.114722194,0.6248449,0,5.320215896,0,0.169000614,0,0,0.832369412,0.37822625,0.946283296,0.132539687,0.140670832,0.065916818,0,0.044527095,0
Rmx-A02,0.010944387,0.011319876,0,0,0,0,9.474998957,0,0,0.020025222,0,0,0,0.986123388,0.580645163,0.292035079,0.001815904,0.006520522,0.552165408,9.517288441,0,0.020751771,0.006520522,1.538288796,9.517288441,1.544809318,9.474998957,0.997443264,0.010944387,0,1,0.00539874,0.001920346,0,0.5,0.360998175,0.883082564,0.300621497,0.337037841,0.175385371,0,0.041503542,0.017172837
Rmx-A180,0.030801825,0.047808214,0,0,0,0,12.44523167,0,0.043588663,0,0,0,0,1.39568139,1.240099118,0.200417088,0.005277505,0,0.436862531,12.52384171,0.043588663,0,0,1.832543921,12.56743037,1.832543921,12.48882033,1.443489604,0.030801825,0,0.996449223,0,0,0,0,0.237957187,1.445793711,0.200417088,0.139171571,0.07580202,0,0,0
RRS-10,0,0,0,0,0,0,6.629347235,0,0,0,0,0,0,0.702777579,0.626108393,0.141883688,0,0,0.509479113,6.629347235,0,0,0,1.212256692,6.629347235,1.212256692,6.629347235,0.702777579,0,0,1,0,0,0,0,0.416663168,0.76799208,0.141883688,0.193062827,0.135177326,0,0,0
RRS-7,0.004273569,0.05130529,0,0,0,0,5.820271939,0,0,0.024479422,0,0,0,0.572340908,0.755513266,0.120597587,0.022497668,0.019089155,0.353219791,5.900330219,0,0,0.019089155,0.925560699,5.900330219,0.944649854,5.820271939,0.623646198,0.004273569,0,1,0.020566119,0.004491497,0,0.5,0.381693221,0.898608522,0.120597587,0.136579958,0.119889734,0,0,0
Se-0,0,0.324071696,0,0,0,1.597813089,0,0,0,0.518661703,0.024373501,0,4.174595694,0.392095669,0.600241952,0.252378236,0.002641266,0.029637792,0.234016324,0.842733399,5.772408783,0,0.054011294,0.626111993,6.615142182,0.680123286,0,2.338353955,0,0,0.129866893,0.077614751,0.612050873,0.610993323,0.274366622,0.373434567,0.855261454,0.252378236,0.291176602,0.168917571,0,0,0
Sha,0,0,0,0,0,0,2.581109786,0,6.616490225,0,0.060779582,0,0,0.613905271,0.691036716,0.157095135,0.031970115,0.013049772,0.138491062,2.581109786,6.616490225,0,0.073829354,0.752396333,9.197600011,0.826225687,9.197600011,0.674684854,0,0,0.280669983,0.093684905,0,0,0.175667183,0.190924833,0.880101965,0.157095135,0.178219095,0.177521117,0,0,0
Sorbo,0,0.021796457,0,0,0,0,4.758451896,0,18.99866818,0,0.047825042,1.104098245,0,1.37643261,0.979219485,0.323456211,0,0.016721094,0.287303328,4.780248352,18.99866818,0,0.064546136,1.663735938,23.77891653,1.728282074,23.75712008,1.446054109,0,0,0.198486174,0.038066877,0,0,0.256233752,0.173884824,1.302675697,0.323456211,0.251184226,0.113859307,0,0,0
Spr1-2,0,0.106243812,0,0,0,0,5.890039891,0,0,0,0.007058179,0,0,0.864049156,0.550144965,0.221084059,0.031029943,0.008572994,0.211437402,5.996283703,0,0.021678093,0.015631173,1.075486558,5.996283703,1.091117731,5.890039891,0.977351147,0,0,1,0.019828876,0,0,0.274227462,0.204280054,0.802258968,0.221084059,0.268079148,0.303819066,0,0.043356185,0
Spr1-6,0,0,0,0,0,0,9.240517573,0,0.018397564,0,0.014413033,0,0,1.398699784,0.441793635,0.225945316,0.017516948,0.016504796,0.59021794,9.240517573,0.018397564,0,0.030917829,1.988917724,9.258915137,2.019835553,9.258915137,1.413112818,0,0,0.998725128,0.00975284,0,0,0.266913884,0.339513927,0.686899646,0.227589063,0.325339785,0.184799965,0,0,0.003287494
Sq-1,0,0,0.164680919,2.148915475,7.018707388,0,0.345523683,0.064380543,4.631015149,0,0.256958727,0.556404509,0,1.91347003,0.983796286,0.222415314,0.017349573,0.317747636,0.500745312,0.345523683,13.79863801,0.095002436,0.574706364,2.414215343,14.14416169,2.988921706,14.30884261,2.234809301,0,9.167622863,0.024535895,0.215071576,0,0,0.494832243,0.208476263,1.223561172,0.222415314,0.179812741,0.143572094,0,0.061243786,0
Sq-8,7.30504,4.583747202,0,0,0,0.043646963,0,0,0,0.243102572,0,0,0,0.809198557,0.982187713,0.225502181,0.002061443,0.062473281,0.422575895,12.13188977,0.043646963,0.019417953,0.062473281,1.231774452,12.17553674,1.294247733,0,5.436592722,7.30504,0,0.997506477,0.037350153,0.013957903,0,0.5,0.366191547,1.209751337,0.225502181,0.204148696,0.153734219,0,0.038835906,0
Tamm-2,0,0,0,0,0,0,22.16223345,0,0.231337909,0,0.009259556,0,0,1.165004222,1.070317513,0.158910068,0.020432949,0.003246418,0.293408807,22.16223345,0.231337909,0,0.012505974,1.458413028,22.39357136,1.470919002,22.39357136,1.174263778,0,0,0.991226479,0.008007938,0,0,0.5,0.222925224,1.249660529,0.158910068,0.129199793,0.110444536,0,0,0
Tamm-27,0,0.027977766,0,0,0,0,14.91608282,0,0.163084915,0,0.014816788,0,0,0.933194361,0.736773704,0.169206271,0.018265734,0.011297719,0.315702723,14.94406059,0.163084915,0,0.026114507,1.248897083,15.1071455,1.275011591,15.07916773,0.975988915,0,0,0.991110944,0.01505279,0,0,0.216311169,0.280441766,0.924245708,0.169206271,0.190533519,0.125958639,0,0,0
Ts-1,0,0,0,0,0,0.573378395,0,0,0,0.00839406,0.015211562,0,1.407668077,0.968127301,0.775018632,0.159415203,0.002696445,0.117106278,0.601003443,0.00839406,1.981046472,0,0.132317841,1.569130744,1.989440532,1.701448584,0,1.556717259,0,0,0.004039528,0.079065029,0.5,0.474231889,0.792080799,0.383165772,0.93713028,0.159415203,0.180861298,0.062171274,0,0,0
Ts-5,0,0.04537841,0,1.02231813,3.6762658,0,0.816181079,0,1.936677644,0,0.093676642,0,0.55806922,1.185257143,1.561707634,0.214352124,0.009889397,0.076798135,0.437030752,0.861559489,7.193330794,0,0.170474777,1.622287895,8.054890283,1.792762672,7.451442653,1.324312196,0,4.69858393,0.106948585,0.099726533,0,0.041647764,0.445573514,0.273829766,1.785949156,0.214352124,0.120646424,0.061668135,0,0,0
Tsu-1,13.28351404,0.86442359,0,0,0,0.032661018,0,0,0,0.084389852,0.019852336,0,0,1.646625976,1.493628156,0.256934172,0.00364308,0.023499487,0.485409421,14.23232748,0.032661018,0,0.043351823,2.132035396,14.2649885,2.175387219,0,2.56356292,13.28351404,0,0.998398885,0.015942605,0.0103787,0,0.271032286,0.232074652,1.76719314,0.269921904,0.14641375,0.088104443,0,0,0.025975463
Ull2-3,4.328537492,0.300900686,0,0,0,0,0.006018527,0,0,0.027091149,0,0,0,1.024527304,1.338896844,0.293195997,0.015397841,0.006438652,0.561155812,4.662547855,0,0.041164545,0.006438652,1.585683115,4.662547855,1.592121768,0.006018527,1.32542799,4.328537492,0,1,0.003228968,0.004416584,0,0.5,0.352100753,1.654291404,0.29999672,0.187608724,0.144862342,0,0.08232909,0.013601446
Ull2-5,0.031022372,0.021266999,0,0,0,0,4.883824007,0,0,0,0.033771099,0,0,0.580673622,0.547687934,0.179088235,0.004696193,0.009416143,0.380904766,4.936113378,0,0.02509372,0.043187242,0.961578388,4.936113378,1.00476563,4.883824007,0.63571172,0.031022372,0,1,0.038166957,0,0,0.551949579,0.396470884,0.731472362,0.179088235,0.244536697,0.134002685,0,0.050187441,0
Uod-1,6.933030082,0.383291489,0,0,0,0,0.023049071,0,0.00598724,0.018989391,0.009347347,0,0,0.662758027,0.692564692,0.153654065,0.002805462,0.007431074,0.348156158,7.358360033,0.00598724,0,0.016778421,1.010914186,7.364347273,1.027692607,0.029036311,1.055396864,6.933030082,0,0.999402424,0.011385784,0.001897567,0,0.221447364,0.379692628,0.849024219,0.153654065,0.179936543,0.068955787,0,0,0
Uod-7,0.035044452,0,0,0,0,0,8.46798453,0,0.024290755,0,0.010161669,0.008741972,0,0.908248461,1.186398715,0.117858767,0.026172265,0.019793871,0.434212799,8.503028981,0.040940428,0,0.02995554,1.34246126,8.54396941,1.3724168,8.492275284,0.91841013,0.051694125,0,0.995521786,0.02453482,0,0,0.743401527,0.313289515,1.330429747,0.117858767,0.088536682,0.132348184,0.033299347,0,0
Van-0,0.032234518,0,0,0,0,0,7.706098064,0.037052993,0.080127571,0.029683534,0.020792465,0,0,0.7778459,0.697285894,0.230884212,0.002609281,0.16392451,0.571431706,7.768016115,0.080127571,0.037052993,0.184716975,1.349277606,7.848143687,1.533994581,7.786225635,0.835691358,0.032234518,0,0.989243402,0.126129633,0.004293287,0,0.941121962,0.420171919,0.930779387,0.230884212,0.244326299,0.128874147,0,0,0
Var2-1,0.049258779,0,0,0,0,0,8.948037306,0,0.02542134,0,0.012000931,0,0,0.880255786,0.839155109,0.120725082,0.00229835,0.030509089,0.570614457,8.997296085,0.02542134,0,0.042510019,1.450870243,9.022717425,1.493380262,8.973458646,0.892256717,0.049258779,0,0.997761758,0.024577197,0,0,0.83568149,0.417830405,0.962178541,0.120725082,0.127537646,0.058670683,0,0,0
Var2-6,0.087528964,0,0,0,0,0,11.77950863,0.012410288,0.106424835,0,0.044576321,0,0,1.229654591,0.536551286,0.165116749,0.006040564,0.048422492,0.606875765,11.86703759,0.106424835,0.012410288,0.092998813,1.836530356,11.97346242,1.929529168,11.88593346,1.2866412,0.087528964,0,0.993920692,0.039708006,0,0,0.741085106,0.351159157,0.707708599,0.165116749,0.226104957,0.122408233,0,0,0
Wa-1,0.003435174,3.142426386,0,0,0,0,0.019687553,0,0,0.19539372,0.02655885,0,0,1.80258418,1.216627525,0.319135609,0.037529217,0.006438498,0.61567765,3.360942833,0,0,0.032997349,2.41826183,3.360942833,2.451259179,0.019687553,4.971569417,0.003435174,0,1,0.007164486,0.031458982,0,0.09756084,0.465784141,1.573292351,0.319135609,0.241108403,0.244554714,0,0,0
Wei-0,25.31417849,0.422966251,0,0,0,0,0,0,0,0,0,0,0,2.095682133,1.333504163,0.274071206,0.0040523,0.011873569,0.416350401,25.73714474,0,0,0.011873569,2.512032534,25.73714474,2.523906103,0,2.518648383,25.31417849,0,1,0.004704442,0,0,1,0.16574244,1.611627669,0.274071206,0.170058638,0.170058638,NA,NA,0
Ws-0,0.051567982,0,0,0,0,0,11.23999015,0.045051018,0.042113193,0,0,0,0,1.202272644,0.615783399,0.097038253,0.009183886,0.112602658,0.621050706,11.29155813,0.042113193,0.045051018,0.112602658,1.82332335,11.33367132,1.935926008,11.28210334,1.247323663,0.051567982,0,0.996957713,0.063361416,0,0,0.5,0.341947061,0.722005538,0.097038253,0.131395931,0.14514427,0,0,0
Ws-2,0.004324751,7.269215367,0,0,0.0322652,0,0,0,0,0.278204706,0,0,0,0.598071828,1.480032181,0.155961856,0,0.019927599,0.144069304,7.551744825,0.0322652,0,0.019927599,0.742141132,7.584010025,0.762068731,0.0322652,7.867287196,0.004324751,0.0322652,0.997166196,0.014915751,0.024573575,0,0.5,0.17406742,1.635994036,0.155961856,0.093920001,0.041384803,0,0,0
Wt-5,0.37819198,0.049085239,0,0.038386128,0,1.542594684,0,0,0,0,0,0,0.362240807,0.463070164,0.650570634,0.147830194,0.001909847,0,0.21368618,0.427277219,1.943221619,0,0,0.676756345,2.370498838,0.676756345,0.038386128,2.054750088,0.37819198,0.038386128,0.176221766,0,0,7.349239001,0,0.353745761,0.800310675,0.147830194,0.190174846,0.081109809,0,0,0
Yo-0,0.100730442,0,0,0,0.012391613,0,12.344742,0.111947037,0.013355125,0.051727944,0.022895202,0,0.011556543,0.832659811,0.994771638,0.1662616,0.004872877,0,0.467280852,12.49720039,0.03730328,0.111947037,0.022895202,1.299940663,12.53450367,1.322835865,12.37048874,0.96750205,0.100730442,0.012391613,0.997018996,0.012910164,0.004116614,0,0,0.365549999,1.167654193,0.168009678,0.149406975,0.058216604,0,0,0.003496156
Zdr-1,7.607222397,0.028398177,0,0,0,0,0.016840299,0,0,0.017517526,0.052469848,0,0,1.160668084,1.155064138,0.120488695,0.028732871,0,0.435376207,7.669978399,0,0.016927569,0.052469848,1.596044291,7.669978399,1.648514139,0.016840299,1.24153611,7.607222397,0,1,0.024070355,0.002025301,0,0,0.271365075,1.311214501,0.127417492,0.096821047,0.145129274,0,0.033855137,0.013857595
Zdr-6,9.99980003,0,0,0,0,0,0.016330986,0,0,0,0,0,0,0.727378808,0.533675141,0.25865275,0.027175874,0.0066923,0.420440935,10.01613102,0,0.023319533,0.0066923,1.147819743,10.01613102,1.154512043,0.016330986,0.727378808,9.99980003,0,1,0.006100319,0,0,0.5,0.367417307,0.819503765,0.25865275,0.318036841,0.287287327,0,0.046639066,0
